site_key,avg_three_highest_peaks
c6d82c05-e555-4601-a9bc-2dd9b6f4d887,11.504233333333334
d4fe9eb7-c4d3-40d2-b29b-91fea9529562,14.765033333333333
