site_key,avg_three_highest_peaks
28T4-7722,18.94617970784505
RYW8-C322,17.78677515188853
6M6M-7222,16.33848961194356
TRED-E222,15.7170938650767
EMRB-G222,14.371065298716227
ZQK6-W522,13.838042140007019
