site_key,circuit_id,avg_three_highest_peaks
UQYJ-E622,544625,15.127055009206137
UQYJ-E622,544627,11.842081069946289
UQYJ-E622,544626,11.447024663289389
