site_key,circuit_id,avg_three_highest_peaks
8N4M-N722,696969,22.950493375460308
28T4-7722,638822,19.394389629364014
TRED-E222,54688,15.969253619511923
EMRB-G222,57480,15.866346836090088
6M6M-7222,45738,15.120611190795898
RYW8-C322,165926,14.28044589360555
ZQK6-W522,482879,13.838042140007019
RYW8-C322,166092,12.140868504842123
28T4-7722,638823,11.242414792378744
6M6M-7222,740671,6.38884703318278
8N4M-N722,696971,3.7261266708374023
